0xff0800,DES-CFB-M1,SSL_DES_64_CFB64_WITH_MD5_1
0x83,GOST2001-GOST89-GOST89,TLS_GOSTR341094_WITH_NULL_GOSTR3411
0x83,GOST2001-NULL-GOST94,TLS_GOSTR341001_WITH_NULL_GOSTR3411
0x82,GOST94-NULL-GOST94,TLS_GOSTR341001_WITH_NULL_GOSTR3411
0x82,GOST94-NULL-GOST94,TLS_GOSTR341094_WITH_NULL_GOSTR3411
0x,NULL,TLS_NULL_WITH_NULL_NULL
0x1,NULL-MD5,TLS_RSA_WITH_NULL_MD5
0x1,NULL-MD5,TLS_RSA_WITH_NULL_MD5
0x2,NULL-SHA,TLS_RSA_WITH_NULL_SHA
0x2,NULL-SHA,TLS_RSA_WITH_NULL_SHA
0x3b,NULL-SHA256,TLS_RSA_WITH_NULL_SHA256
0x2c,PSK-NULL-SHA,TLS_PSK_WITH_NULL_SHA
0xb0,PSK-NULL-SHA256,TLS_PSK_WITH_NULL_SHA256
0xb1,PSK-NULL-SHA384,TLS_PSK_WITH_NULL_SHA384
0x2d,DHE-PSK-NULL-SHA,TLS_DHE_PSK_WITH_NULL_SHA
0x2e,RSA-PSK-NULL-SHA,TLS_RSA_PSK_WITH_NULL_SHA
0xb4,DHE-PSK-NULL-SHA256,TLS_DHE_PSK_WITH_NULL_SHA256
0xb5,DHE-PSK-NULL-SHA384,TLS_DHE_PSK_WITH_NULL_SHA384
0xb8,RSA-PSK-NULL-SHA256,TLS_RSA_PSK_WITH_NULL_SHA256
0xc039,ECDHE-PSK-NULL-SHA,TLS_ECDHE_PSK_WITH_NULL_SHA
0xc03a,ECDHE-PSK-NULL-SHA256,TLS_ECDHE_PSK_WITH_NULL_SHA256
0xc03b,ECDHE-PSK-NULL-SHA384,TLS_ECDHE_PSK_WITH_NULL_SHA384
0xc001,ECDH-ECDSA-NULL-SHA,TLS_ECDH_ECDSA_WITH_NULL_SHA
0xc00b,ECDH-RSA-NULL-SHA,TLS_ECDH_RSA_WITH_NULL_SHA
0xc015,AECDH-NULL-SHA,TLS_ECDH_anon_WITH_NULL_SHA
0xc006,ECDHE-ECDSA-NULL-SHA,TLS_ECDHE_ECDSA_WITH_NULL_SHA
0xc010,ECDHE-RSA-NULL-SHA,TLS_ECDHE_RSA_WITH_NULL_SHA
0x2b,EXP-KRB5-RC4-MD5,TLS_KRB5_EXPORT_WITH_RC4_40_MD5
0x28,EXP-KRB5-RC4-SHA,TLS_KRB5_EXPORT_WITH_RC4_40_SHA
0x3,EXP-RC4-MD5,TLS_RSA_EXPORT_WITH_RC4_40_MD5
0x3,EXP-RC4-MD5,TLS_RSA_EXPORT_WITH_RC4_40_MD5
0x17,EXP-ADH-RC4-MD5,TLS_DH_anon_EXPORT_WITH_RC4_40_MD5
0xe,EXP-DH-RSA-DES-CBC-SHA,TLS_DH_RSA_EXPORT_WITH_DES40_CBC_SHA
0xe,EXP-DH-RSA-DES-CBC-SHA,TLS_DH_RSA_EXPORT_WITH_DES40_CBC_SHA
0xff8010,NULL,SSL_NULL
0xb,EXP-DH-DSS-DES-CBC-SHA,TLS_DH_DSS_EXPORT_WITH_DES40_CBC_SHA
0xb,EXP-DH-DSS-DES-CBC-SHA,TLS_DH_DSS_EXPORT_WITH_DES40_CBC_SHA
0xa8,PSK-AES128-GCM-SHA256,
0xa8,PSK-AES128-GCM-SHA256,TLS_PSK_WITH_AES_128_GCM_SHA256
0xc09c,AES128-CCM,
0xc09c,AES128-CCM,TLS_RSA_WITH_AES_128_CCM
0x6a,DHE-DSS-AES256-SHA256,
0x6a,DHE-DSS-AES256-SHA256,TLS_DHE_DSS_WITH_AES_256_CBC_SHA256
0xc0a0,AES128-CCM8,
0xc0a0,AES128-CCM8,TLS_RSA_WITH_AES_128_CCM_8
0xaa,DHE-PSK-AES128-GCM-SHA256,
0xaa,DHE-PSK-AES128-GCM-SHA256,TLS_DHE_PSK_WITH_AES_128_GCM_SHA256
0xac,RSA-PSK-AES128-GCM-SHA256,
0xac,RSA-PSK-AES128-GCM-SHA256,TLS_RSA_PSK_WITH_AES_128_GCM_SHA256
0xc09e,DHE-RSA-AES128-CCM,
0xc09e,DHE-RSA-AES128-CCM,TLS_DHE_RSA_WITH_AES_128_CCM
0x6c,ADH-AES128-SHA256,
0x6c,ADH-AES128-SHA256,TLS_DH_anon_WITH_AES_128_CBC_SHA256
0xc0a2,DHE-RSA-AES128-CCM8,
0xc0a2,DHE-RSA-AES128-CCM8,TLS_DHE_RSA_WITH_AES_128_CCM_8
0x9e,DHE-RSA-AES128-GCM-SHA256,
0x9e,DHE-RSA-AES128-GCM-SHA256,TLS_DHE_RSA_WITH_AES_128_GCM_SHA256
0xcca9,ECDHE-ECDSA-CHACHA20-POLY1305,
0xcca9,ECDHE-ECDSA-CHACHA20-POLY1305,TLS_ECDHE_ECDSA_WITH_CHACHA20_POLY1305_SHA256
0xa0,DH-RSA-AES128-GCM-SHA256,TLS_DH_RSA_WITH_AES_128_GCM_SHA256
0xccab,PSK-CHACHA20-POLY1305,
0xccab,PSK-CHACHA20-POLY1305,TLS_PSK_WITH_CHACHA20_POLY1305_SHA256
0xa2,DHE-DSS-AES128-GCM-SHA256,
0xa2,DHE-DSS-AES128-GCM-SHA256,TLS_DHE_DSS_WITH_AES_128_GCM_SHA256
0xccad,DHE-PSK-CHACHA20-POLY1305,
0xccad,DHE-PSK-CHACHA20-POLY1305,TLS_DHE_PSK_WITH_CHACHA20_POLY1305_SHA256
0xa4,DH-DSS-AES128-GCM-SHA256,TLS_DH_DSS_WITH_AES_128_GCM_SHA256
0xc01d,SRP-AES-128-CBC-SHA,
0xc01d,SRP-AES-128-CBC-SHA,TLS_SRP_SHA_WITH_AES_128_CBC_SHA
0xc01e,SRP-RSA-AES-128-CBC-SHA,
0xc01e,SRP-RSA-AES-128-CBC-SHA,TLS_SRP_SHA_RSA_WITH_AES_128_CBC_SHA
0xc01f,SRP-DSS-AES-128-CBC-SHA,
0xc01f,SRP-DSS-AES-128-CBC-SHA,TLS_SRP_SHA_DSS_WITH_AES_128_CBC_SHA
0xc009,ECDHE-ECDSA-AES128-SHA,
0xc009,ECDHE-ECDSA-AES128-SHA,TLS_ECDHE_ECDSA_WITH_AES_128_CBC_SHA
0xc023,ECDHE-ECDSA-AES128-SHA256,
0xc023,ECDHE-ECDSA-AES128-SHA256,TLS_ECDHE_ECDSA_WITH_AES_128_CBC_SHA256
0xc027,ECDHE-RSA-AES128-SHA256,
0xc027,ECDHE-RSA-AES128-SHA256,TLS_ECDHE_RSA_WITH_AES_128_CBC_SHA256
0xc02b,ECDHE-ECDSA-AES128-GCM-SHA256,
0xc02b,ECDHE-ECDSA-AES128-GCM-SHA256,TLS_ECDHE_ECDSA_WITH_AES_128_GCM_SHA256
0xc02f,ECDHE-RSA-AES128-GCM-SHA256,
0xc02f,ECDHE-RSA-AES128-GCM-SHA256,TLS_ECDHE_RSA_WITH_AES_128_GCM_SHA256
0xc089, ,TLS_ECDH_ECDSA_WITH_CAMELLIA_256_GCM_SHA384
0xb9,RSA-PSK-NULL-SHA384,TLS_RSA_PSK_WITH_NULL_SHA384
0xff85,GOST2012256-GOST89-GOST89, 
0xc055,DH-RSA-ARIA256-GCM-SHA384,TLS_DH_RSA_WITH_ARIA_256_GCM_SHA384
0x20080,EXP-RC4-MD5,SSL_RC4_128_EXPORT40_WITH_MD5
0x23,KRB5-DES-CBC3-MD5,TLS_KRB5_WITH_3DES_EDE_CBC_MD5
0x80,GOST94-GOST89-GOST89,TLS_GOSTR341094_WITH_28147_CNT_IMIT
0x80,GOST94-GOST89-GOST89,TLS_GOSTR341094_WITH_28147_CNT_IMIT
0xc093, ,TLS_RSA_PSK_WITH_CAMELLIA_256_GCM_SHA384
0x61,EXP1024-RC2-CBC-MD5,TLS_RSA_EXPORT1024_WITH_RC2_CBC_56_MD5
0x61,EXP1024-RC2-CBC-MD5,TLS_RSA_EXPORT1024_WITH_RC2_56_MD5
0xc091, ,TLS_DHE_PSK_WITH_CAMELLIA_256_GCM_SHA384
0x1301,TLS_AES_128_GCM_SHA256,
0x1301,TLS_AES_128_GCM_SHA256,TLS_AES_128_GCM_SHA256
0x93,RSA-PSK-3DES-EDE-CBC-SHA,
0x93,RSA-PSK-3DES-EDE-CBC-SHA,TLS_RSA_PSK_WITH_3DES_EDE_CBC_SHA
0xc087, ,TLS_ECDHE_ECDSA_WITH_CAMELLIA_256_GCM_SHA384
0xc085, ,TLS_DH_anon_WITH_CAMELLIA_256_GCM_SHA384
0xc083, ,TLS_DH_DSS_WITH_CAMELLIA_256_GCM_SHA384
0xc07f, ,TLS_DH_RSA_WITH_CAMELLIA_256_GCM_SHA384
0xc07b, ,TLS_RSA_WITH_CAMELLIA_256_GCM_SHA384
0xc065, ,TLS_PSK_WITH_ARIA_256_CBC_SHA384
0xc063,ECDH-ARIA256-GCM-SHA384,TLS_ECDH_RSA_WITH_ARIA_256_GCM_SHA384
0x31,DH-RSA-AES128-SHA,TLS_DH_RSA_WITH_AES_128_CBC_SHA
0xc061,ECDHE-ARIA256-GCM-SHA384,
0xc061,ECDHE-ARIA256-GCM-SHA384,TLS_ECDHE_RSA_WITH_ARIA_256_GCM_SHA384
0x2f,AES128-SHA,
0x2f,AES128-SHA,TLS_RSA_WITH_AES_128_CBC_SHA
0xc05d,ECDHE-ECDSA-ARIA256-GCM-SHA384,
0xc05d,ECDHE-ECDSA-ARIA256-GCM-SHA384,TLS_ECDHE_ECDSA_WITH_ARIA_256_GCM_SHA384
0xc059,DH-DSS-ARIA256-GCM-SHA384,TLS_DH_DSS_WITH_ARIA_256_GCM_SHA384
0x27,EXP-KRB5-RC2-CBC-SHA,TLS_KRB5_EXPORT_WITH_RC2_CBC_40_SHA
0xc04d,ECDHE-RSA-ARIA256-CBC-SHA384,TLS_ECDHE_RSA_WITH_ARIA_256_CBC_SHA384
0x1b,ADH-DES-CBC3-SHA,
0x1b,ADH-DES-CBC3-SHA,TLS_DH_anon_WITH_3DES_EDE_CBC_SHA
0x81,GOST2001-GOST89-GOST89,TLS_GOSTR341001_WITH_28147_CNT_IMIT
0x81,GOST2001-GOST89-GOST89,TLS_GOSTR341001_WITH_28147_CNT_IMIT
0xc04b, ,TLS_ECDH_ECDSA_WITH_ARIA_256_CBC_SHA384
0x19,EXP-ADH-DES-CBC-SHA,TLS_DH_anon_EXPORT_WITH_DES40_CBC_SHA
0xc041, ,TLS_DH_RSA_WITH_ARIA_256_CBC_SHA384
0xf,DH-RSA-DES-CBC-SHA,TLS_DH_RSA_WITH_DES_CBC_SHA
0xc03f, ,TLS_DH_DSS_WITH_ARIA_256_CBC_SHA384
0xd,DH-DSS-DES-CBC3-SHA,TLS_DH_DSS_WITH_3DES_EDE_CBC_SHA
0xd,DH-DSS-DES-CBC3-SHA,TLS_DH_DSS_WITH_3DES_EDE_CBC_SHA
0xc03d,ARIA256-CBC-SHA384,TLS_RSA_WITH_ARIA_256_CBC_SHA384
0xc05f,ECDH-ECDSA-ARIA256-GCM-SHA384,TLS_ECDH_ECDSA_WITH_ARIA_256_GCM_SHA384
0x95,RSA-PSK-AES256-CBC-SHA,
0x95,RSA-PSK-AES256-CBC-SHA,TLS_RSA_PSK_WITH_AES_256_CBC_SHA
0x1303,TLS_CHACHA20_POLY1305_SHA256,
0x1303,TLS_CHACHA20_POLY1305_SHA256,TLS_CHACHA20_POLY1305_SHA256
0x84,CAMELLIA256-SHA,
0x84,CAMELLIA256-SHA,TLS_RSA_WITH_CAMELLIA_256_CBC_SHA
0xc036,ECDHE-PSK-AES256-CBC-SHA,
0xc036,ECDHE-PSK-AES256-CBC-SHA,TLS_ECDHE_PSK_WITH_AES_256_CBC_SHA
0x4,RC4-MD5,
0x4,RC4-MD5,TLS_RSA_WITH_RC4_128_MD5
0x4,RC4-MD5,TLS_RSA_WITH_RC4_128_MD5
0xc038,ECDHE-PSK-AES256-CBC-SHA384,
0xc038,ECDHE-PSK-AES256-CBC-SHA384,TLS_ECDHE_PSK_WITH_AES_256_CBC_SHA384
0x6,EXP-RC2-CBC-MD5,TLS_RSA_EXPORT_WITH_RC2_CBC_40_MD5
0x6,RC2-CBC-MD5,TLS_RSA_WITH_RC2_CBC_40_MD5
0x6,EXP-RC2-CBC-MD5,TLS_RSA_EXPORT_WITH_RC2_CBC_40_MD5
0x1304,TLS_AES_128_CCM_SHA256,TLS_AES_128_CCM_SHA256
0x96,SEED-SHA,
0x96,SEED-SHA,TLS_RSA_WITH_SEED_CBC_SHA
0xc0,CAMELLIA256-SHA256,
0xc0,CAMELLIA256-SHA256,TLS_RSA_WITH_CAMELLIA_256_CBC_SHA256
0xc0a6,DHE-PSK-AES128-CCM,
0xc0a6,DHE-PSK-AES128-CCM,TLS_DHE_PSK_WITH_AES_128_CCM
0xff01,GOST-GOST94,TLS_RSA_WITH_28147_CNT_GOST94
0x35,AES256-SHA,
0x35,AES256-SHA,TLS_RSA_WITH_AES_256_CBC_SHA
0xc067, ,TLS_DHE_PSK_WITH_ARIA_256_CBC_SHA384
0xc0ae,ECDHE-ECDSA-AES128-CCM8,
0xc0ae,ECDHE-ECDSA-AES128-CCM8,TLS_ECDHE_ECDSA_WITH_AES_128_CCM_8
0x3d,AES256-SHA256,
0x3d,AES256-SHA256,TLS_RSA_WITH_AES_256_CBC_SHA256
0xc06f,RSA-PSK-ARIA256-GCM-SHA384,
0xc06f,RSA-PSK-ARIA256-GCM-SHA384,TLS_RSA_PSK_WITH_ARIA_256_GCM_SHA384
0xc0a5,PSK-AES256-CCM,
0xc0a5,PSK-AES256-CCM,TLS_PSK_WITH_AES_256_CCM
0x6b,DHE-RSA-AES256-SHA256,
0x6b,DHE-RSA-AES256-SHA256,TLS_DHE_RSA_WITH_AES_256_CBC_SHA256
0xc09d,AES256-CCM,
0xc09d,AES256-CCM,TLS_RSA_WITH_AES_256_CCM
0xc0ad,ECDHE-ECDSA-AES256-CCM,
0xc0ad,ECDHE-ECDSA-AES256-CCM,TLS_ECDHE_ECDSA_WITH_AES_256_CCM
0xc00f,ECDH-RSA-AES256-SHA,TLS_ECDH_RSA_WITH_AES_256_CBC_SHA
0xc0af,ECDHE-ECDSA-AES256-CCM8,
0xc0af,ECDHE-ECDSA-AES256-CCM8,TLS_ECDHE_ECDSA_WITH_AES_256_CCM_8
0xc045,DHE-RSA-ARIA256-CBC-SHA384,TLS_DHE_RSA_WITH_ARIA_256_CBC_SHA384
0x13,DHE-DSS-DES-CBC3-SHA,
0x13,EDH-DSS-DES-CBC3-SHA,TLS_DHE_DSS_WITH_3DES_EDE_CBC_SHA
0xccaa,DHE-RSA-CHACHA20-POLY1305,
0xccaa,DHE-RSA-CHACHA20-POLY1305,TLS_DHE_RSA_WITH_CHACHA20_POLY1305_SHA256
0x9f,DHE-RSA-AES256-GCM-SHA384,
0x9f,DHE-RSA-AES256-GCM-SHA384,TLS_DHE_RSA_WITH_AES_256_GCM_SHA384
0xc0a1,AES256-CCM8,
0xc0a1,AES256-CCM8,TLS_RSA_WITH_AES_256_CCM_8
0xa5,DH-DSS-AES256-GCM-SHA384,TLS_DH_DSS_WITH_AES_256_GCM_SHA384
0xc097,DHE-PSK-CAMELLIA256-SHA384,
0xc097,DHE-PSK-CAMELLIA256-SHA384,TLS_DHE_PSK_WITH_CAMELLIA_256_CBC_SHA384
0x65,EXP1024-DHE-DSS-RC4-SHA,TLS_DHE_DSS_EXPORT1024_WITH_RC4_56_SHA
0x65,EXP1024-DHE-DSS-RC4-SHA,TLS_DHE_DSS_EXPORT1024_WITH_RC4_56_SHA
0xc095,PSK-CAMELLIA256-SHA384,
0xc095,PSK-CAMELLIA256-SHA384,TLS_PSK_WITH_CAMELLIA_256_CBC_SHA384
0x63,EXP1024-DHE-DSS-DES-CBC-SHA,TLS_DHE_DSS_EXPORT1024_WITH_DES_CBC_SHA
0x63,EXP1024-DHE-DSS-DES-CBC-SHA,TLS_DHE_DSS_EXPORT1024_WITH_DES_CBC_SHA
0xc06d,DHE-PSK-ARIA256-GCM-SHA384,
0xc06d,DHE-PSK-ARIA256-GCM-SHA384,TLS_DHE_PSK_WITH_ARIA_256_GCM_SHA384
0xa3,DHE-DSS-AES256-GCM-SHA384,
0xa3,DHE-DSS-AES256-GCM-SHA384,TLS_DHE_DSS_WITH_AES_256_GCM_SHA384
0xccae,RSA-PSK-CHACHA20-POLY1305,
0xccae,RSA-PSK-CHACHA20-POLY1305,TLS_RSA_PSK_WITH_CHACHA20_POLY1305_SHA256
0xc099,RSA-PSK-CAMELLIA256-SHA384,
0xc099,RSA-PSK-CAMELLIA256-SHA384,TLS_RSA_PSK_WITH_CAMELLIA_256_CBC_SHA384
0x67,DHE-RSA-AES128-SHA256,
0x67,DHE-RSA-AES128-SHA256,TLS_DHE_RSA_WITH_AES_128_CBC_SHA256
0xc071, ,TLS_ECDHE_PSK_WITH_ARIA_256_CBC_SHA384
0x3f,DH-RSA-AES128-SHA256,TLS_DH_RSA_WITH_AES_128_CBC_SHA256
0xa7,ADH-AES256-GCM-SHA384,
0xa7,ADH-AES256-GCM-SHA384,TLS_DH_anon_WITH_AES_256_GCM_SHA384
0xc05b,ADH-ARIA256-GCM-SHA384,TLS_DH_anon_WITH_ARIA_256_GCM_SHA384
0xc09f,DHE-RSA-AES256-CCM,
0xc09f,DHE-RSA-AES256-CCM,TLS_DHE_RSA_WITH_AES_256_CCM
0x6d,ADH-AES256-SHA256,
0x6d,ADH-AES256-SHA256,TLS_DH_anon_WITH_AES_256_CBC_SHA256
0xc043,DHE-DSS-ARIA256-CBC-SHA384,TLS_DHE_DSS_WITH_ARIA_256_CBC_SHA384
0x11,EXP-EDH-DSS-DES-CBC-SHA,TLS_DHE_DSS_EXPORT_WITH_DES40_CBC_SHA
0xcca8,ECDHE-RSA-CHACHA20-POLY1305,
0xcca8,ECDHE-RSA-CHACHA20-POLY1305,TLS_ECDHE_RSA_WITH_CHACHA20_POLY1305_SHA256
0x9d,AES256-GCM-SHA384,
0x9d,AES256-GCM-SHA384,TLS_RSA_WITH_AES_256_GCM_SHA384
0xc030,ECDHE-RSA-AES256-GCM-SHA384,
0xc030,ECDHE-RSA-AES256-GCM-SHA384,TLS_ECDHE_RSA_WITH_AES_256_GCM_SHA384
0xc057,DHE-DSS-ARIA256-GCM-SHA384,
0xc057,DHE-DSS-ARIA256-GCM-SHA384,TLS_DHE_DSS_WITH_ARIA_256_GCM_SHA384
0x25,KRB5-IDEA-CBC-MD5,TLS_KRB5_WITH_IDEA_CBC_MD5
0x8d,PSK-AES256-CBC-SHA,
0x8d,PSK-AES256-CBC-SHA,TLS_PSK_WITH_AES_256_CBC_SHA
0xcc15,DHE-RSA-CHACHA20-POLY1305,TLS_DHE_RSA_WITH_CHACHA20_POLY1305_SHA256
0xc03c,ARIA128-CBC-SHA256,TLS_RSA_WITH_ARIA_128_CBC_SHA256
0xa,DES-CBC3-SHA,
0xa,DES-CBC3-SHA,TLS_RSA_WITH_3DES_EDE_CBC_SHA
0xa,DES-CBC3-SHA,TLS_RSA_WITH_3DES_EDE_CBC_SHA
0x69,DH-RSA-AES256-SHA256,TLS_DH_RSA_WITH_AES_256_CBC_SHA256
0xc09b,ECDHE-PSK-CAMELLIA256-SHA384,
0xc09b,ECDHE-PSK-CAMELLIA256-SHA384,TLS_ECDHE_PSK_WITH_CAMELLIA_256_CBC_SHA384
0xc021,SRP-RSA-AES-256-CBC-SHA,
0xc021,SRP-RSA-AES-256-CBC-SHA,TLS_SRP_SHA_RSA_WITH_AES_256_CBC_SHA
0x1302,TLS_AES_256_GCM_SHA384,
0x1302,TLS_AES_256_GCM_SHA384,TLS_AES_256_GCM_SHA384
0x94,RSA-PSK-AES128-CBC-SHA,
0x94,RSA-PSK-AES128-CBC-SHA,TLS_RSA_PSK_WITH_AES_128_CBC_SHA
0xc08b, ,TLS_ECDHE_RSA_WITH_CAMELLIA_256_GCM_SHA384
0xcc14,ECDHE-ECDSA-CHACHA20-POLY1305,TLS_ECDHE_ECDSA_WITH_CHACHA20_POLY1305_SHA256
0x9,DES-CBC-SHA,TLS_RSA_WITH_DES_CBC_SHA
0x9,DES-CBC-SHA,TLS_RSA_WITH_DES_CBC_SHA
0xc081, ,TLS_DHE_DSS_WITH_CAMELLIA_256_GCM_SHA384
0xb7,RSA-PSK-AES256-CBC-SHA384,
0xb7,RSA-PSK-AES256-CBC-SHA384,TLS_RSA_PSK_WITH_AES_256_CBC_SHA384
0xc069, ,TLS_RSA_PSK_WITH_ARIA_256_CBC_SHA384
0xff03,GOST-GOST89STREAM, 
0x37,DH-RSA-AES256-SHA,TLS_DH_RSA_WITH_AES_256_CBC_SHA
0xc020,SRP-AES-256-CBC-SHA,
0xc020,SRP-AES-256-CBC-SHA,TLS_SRP_SHA_WITH_AES_256_CBC_SHA
0xc022,SRP-DSS-AES-256-CBC-SHA,
0xc022,SRP-DSS-AES-256-CBC-SHA,TLS_SRP_SHA_DSS_WITH_AES_256_CBC_SHA
0xc06b,PSK-ARIA256-GCM-SHA384,
0xc06b,PSK-ARIA256-GCM-SHA384,TLS_PSK_WITH_ARIA_256_GCM_SHA384
0x39,DHE-RSA-AES256-SHA,
0x39,DHE-RSA-AES256-SHA,TLS_DHE_RSA_WITH_AES_256_CBC_SHA
0xa1,DH-RSA-AES256-GCM-SHA384,TLS_DH_RSA_WITH_AES_256_GCM_SHA384
0xccac,ECDHE-PSK-CHACHA20-POLY1305,
0xccac,ECDHE-PSK-CHACHA20-POLY1305,TLS_ECDHE_PSK_WITH_CHACHA20_POLY1305_SHA256
0xc02c,ECDHE-ECDSA-AES256-GCM-SHA384,
0xc02c,ECDHE-ECDSA-AES256-GCM-SHA384,TLS_ECDHE_ECDSA_WITH_AES_256_GCM_SHA384
0xc0ab,DHE-PSK-AES256-CCM8,
0xc0ab,DHE-PSK-AES256-CCM8,TLS_PSK_DHE_WITH_AES_256_CCM_8
0x3a,ADH-AES256-SHA,
0x3a,ADH-AES256-SHA,TLS_DH_anon_WITH_AES_256_CBC_SHA
0xc06c,DHE-PSK-ARIA128-GCM-SHA256,
0xc06c,DHE-PSK-ARIA128-GCM-SHA256,TLS_DHE_PSK_WITH_ARIA_128_GCM_SHA256
0xc088, ,TLS_ECDH_ECDSA_WITH_CAMELLIA_128_GCM_SHA256
0x40080,EXP-RC2-CBC-MD5,SSL_RC2_128_CBC_EXPORT40_WITH_MD5
0xc053,DHE-RSA-ARIA256-GCM-SHA384,
0xc053,DHE-RSA-ARIA256-GCM-SHA384,TLS_DHE_RSA_WITH_ARIA_256_GCM_SHA384
0x21,KRB5-IDEA-CBC-SHA,TLS_KRB5_WITH_IDEA_CBC_SHA
0x89,ADH-CAMELLIA256-SHA,
0x89,ADH-CAMELLIA256-SHA,TLS_DH_anon_WITH_CAMELLIA_256_CBC_SHA
0xc00a,ECDHE-ECDSA-AES256-SHA,
0xc00a,ECDHE-ECDSA-AES256-SHA,TLS_ECDHE_ECDSA_WITH_AES_256_CBC_SHA
0x91,DHE-PSK-AES256-CBC-SHA,
0x91,DHE-PSK-AES256-CBC-SHA,TLS_DHE_PSK_WITH_AES_256_CBC_SHA
0x16b9, ,TLS_CECPQ1_RSA_WITH_AES_256_GCM_SHA384
0xc08a, ,TLS_ECDHE_RSA_WITH_CAMELLIA_128_GCM_SHA256
0xcc13,ECDHE-RSA-CHACHA20-POLY1305,TLS_ECDHE_RSA_WITH_CHACHA20_POLY1305_SHA256
0x8,EXP-DES-CBC-SHA,TLS_RSA_EXPORT_WITH_DES40_CBC_SHA
0x8,EXP-DES-CBC-SHA,TLS_RSA_EXPORT_WITH_DES40_CBC_SHA
0xc028,ECDHE-RSA-AES256-SHA384,
0xc028,ECDHE-RSA-AES256-SHA384,TLS_ECDHE_RSA_WITH_AES_256_CBC_SHA384
0xad,RSA-PSK-AES256-GCM-SHA384,
0xad,RSA-PSK-AES256-GCM-SHA384,TLS_RSA_PSK_WITH_AES_256_GCM_SHA384
0xc077,ECDHE-RSA-CAMELLIA256-SHA384,
0xc077,ECDHE-RSA-CAMELLIA256-SHA384,TLS_ECDHE_RSA_WITH_CAMELLIA_256_CBC_SHA384
0x45,DHE-RSA-CAMELLIA128-SHA,
0x45,DHE-RSA-CAMELLIA128-SHA,TLS_DHE_RSA_WITH_CAMELLIA_128_CBC_SHA
0xc04f, ,TLS_ECDH_RSA_WITH_ARIA_256_CBC_SHA384
0x85,DH-DSS-CAMELLIA256-SHA,TLS_DH_DSS_WITH_CAMELLIA_256_CBC_SHA
0xc024,ECDHE-ECDSA-AES256-SHA384,
0xc024,ECDHE-ECDSA-AES256-SHA384,TLS_ECDHE_ECDSA_WITH_AES_256_CBC_SHA384
0xa9,PSK-AES256-GCM-SHA384,
0xa9,PSK-AES256-GCM-SHA384,TLS_PSK_WITH_AES_256_GCM_SHA384
0xc073,ECDHE-ECDSA-CAMELLIA256-SHA384,
0xc073,ECDHE-ECDSA-CAMELLIA256-SHA384,TLS_ECDHE_ECDSA_WITH_CAMELLIA_256_CBC_SHA384
0x41,CAMELLIA128-SHA,
0x41,CAMELLIA128-SHA,TLS_RSA_WITH_CAMELLIA_128_CBC_SHA
0xc014,ECDHE-RSA-AES256-SHA,
0xc014,ECDHE-RSA-AES256-SHA,TLS_ECDHE_RSA_WITH_AES_256_CBC_SHA
0xc0a3,DHE-RSA-AES256-CCM8,
0xc0a3,DHE-RSA-AES256-CCM8,TLS_DHE_RSA_WITH_AES_256_CCM_8
0xc047,DH-anon-ARIA256-CBC-SHA384,TLS_DH_anon_WITH_ARIA_256_CBC_SHA384
0x15,EDH-RSA-DES-CBC-SHA,TLS_DHE_RSA_WITH_DES_CBC_SHA
0xc0ac,ECDHE-ECDSA-AES128-CCM,
0xc0ac,ECDHE-ECDSA-AES128-CCM,TLS_ECDHE_ECDSA_WITH_AES_128_CCM
0xc005,ECDH-ECDSA-AES256-SHA,TLS_ECDH_ECDSA_WITH_AES_256_CBC_SHA
0xc07d, ,TLS_DHE_RSA_WITH_CAMELLIA_256_GCM_SHA384
0xb3,DHE-PSK-AES256-CBC-SHA384,
0xb3,DHE-PSK-AES256-CBC-SHA384,TLS_DHE_PSK_WITH_AES_256_CBC_SHA384
0xc049,ECDHE-ECDSA-ARIA256-CBC-SHA384,TLS_ECDHE_ECDSA_WITH_ARIA_256_CBC_SHA384
0xc0aa,DHE-PSK-AES128-CCM8,
0xc0aa,DHE-PSK-AES128-CCM8,TLS_PSK_DHE_WITH_AES_128_CCM_8
0x88,DHE-RSA-CAMELLIA256-SHA,
0x88,DHE-RSA-CAMELLIA256-SHA,TLS_DHE_RSA_WITH_CAMELLIA_256_CBC_SHA
0xc0a9,PSK-AES256-CCM8,
0xc0a9,PSK-AES256-CCM8,TLS_PSK_WITH_AES_256_CCM_8
0x38,DHE-DSS-AES256-SHA,
0x38,DHE-DSS-AES256-SHA,TLS_DHE_DSS_WITH_AES_256_CBC_SHA
0xc06a,PSK-ARIA128-GCM-SHA256,
0xc06a,PSK-ARIA128-GCM-SHA256,TLS_PSK_WITH_ARIA_128_GCM_SHA256
0xc051,ARIA256-GCM-SHA384,
0xc051,ARIA256-GCM-SHA384,TLS_RSA_WITH_ARIA_256_GCM_SHA384
0x1f,KRB5-DES-CBC3-SHA,TLS_KRB5_WITH_3DES_EDE_CBC_SHA
0x87,DHE-DSS-CAMELLIA256-SHA,
0x87,DHE-DSS-CAMELLIA256-SHA,TLS_DHE_DSS_WITH_CAMELLIA_256_CBC_SHA
0xc02a,ECDH-RSA-AES256-SHA384,TLS_ECDH_RSA_WITH_AES_256_CBC_SHA384
0xaf,PSK-AES256-CBC-SHA384,
0xaf,PSK-AES256-CBC-SHA384,TLS_PSK_WITH_AES_256_CBC_SHA384
0xc079,ECDH-RSA-CAMELLIA256-SHA384,TLS_ECDH_RSA_WITH_CAMELLIA_256_CBC_SHA384
0xc0a8,PSK-AES128-CCM8,
0xc0a8,PSK-AES128-CCM8,TLS_PSK_WITH_AES_128_CCM_8
0x86,DH-RSA-CAMELLIA256-SHA,TLS_DH_RSA_WITH_CAMELLIA_256_CBC_SHA
0xc4,DHE-RSA-CAMELLIA256-SHA256,
0xc4,DHE-RSA-CAMELLIA256-SHA256,TLS_DHE_RSA_WITH_CAMELLIA_256_CBC_SHA256
0xc08d, ,TLS_ECDH_RSA_WITH_CAMELLIA_256_GCM_SHA384
0xc3,DHE-DSS-CAMELLIA256-SHA256,
0xc3,DHE-DSS-CAMELLIA256-SHA256,TLS_DHE_DSS_WITH_CAMELLIA_256_CBC_SHA256
0xc2,DH-RSA-CAMELLIA256-SHA256,TLS_DH_RSA_WITH_CAMELLIA_256_CBC_SHA256
0x1305,TLS_AES_128_CCM_8_SHA256,TLS_AES_128_CCM_8_SHA256
0x97,DH-DSS-SEED-SHA,TLS_DH_DSS_WITH_SEED_CBC_SHA
0xc1,DH-DSS-CAMELLIA256-SHA256,TLS_DH_DSS_WITH_CAMELLIA_256_CBC_SHA256
0xc019,AECDH-AES256-SHA,
0xc019,AECDH-AES256-SHA,TLS_ECDH_anon_WITH_AES_256_CBC_SHA
0xc08f, ,TLS_PSK_WITH_CAMELLIA_256_GCM_SHA384
0xc5,ADH-CAMELLIA256-SHA256,
0xc5,ADH-CAMELLIA256-SHA256,TLS_DH_anon_WITH_CAMELLIA_256_CBC_SHA256
0xff02,GOST-GOST89MAC, 
0x36,DH-DSS-AES256-SHA,TLS_DH_DSS_WITH_AES_256_CBC_SHA
0xc068, ,TLS_RSA_PSK_WITH_ARIA_128_CBC_SHA256
0xc0a7,DHE-PSK-AES256-CCM,
0xc0a7,DHE-PSK-AES256-CCM,TLS_DHE_PSK_WITH_AES_256_CCM
0x68,DH-DSS-AES256-SHA256,TLS_DH_DSS_WITH_AES_256_CBC_SHA256
0xc09a,ECDHE-PSK-CAMELLIA128-SHA256,
0xc09a,ECDHE-PSK-CAMELLIA128-SHA256,TLS_ECDHE_PSK_WITH_CAMELLIA_128_CBC_SHA256
0xc032,ECDH-RSA-AES256-GCM-SHA384,TLS_ECDH_RSA_WITH_AES_256_GCM_SHA384
0xc026,ECDH-ECDSA-AES256-SHA384,TLS_ECDH_ECDSA_WITH_AES_256_CBC_SHA384
0xab,DHE-PSK-AES256-GCM-SHA384,
0xab,DHE-PSK-AES256-GCM-SHA384,TLS_DHE_PSK_WITH_AES_256_GCM_SHA384
0xc075,ECDH-ECDSA-CAMELLIA256-SHA384,TLS_ECDH_ECDSA_WITH_CAMELLIA_256_CBC_SHA384
0x43,DH-RSA-CAMELLIA128-SHA,TLS_DH_RSA_WITH_CAMELLIA_128_CBC_SHA
0xc0a4,PSK-AES128-CCM,
0xc0a4,PSK-AES128-CCM,TLS_PSK_WITH_AES_128_CCM
0x40,DHE-DSS-AES128-SHA256,
0x40,DHE-DSS-AES128-SHA256,TLS_DHE_DSS_WITH_AES_128_CBC_SHA256
0xc072,ECDHE-ECDSA-CAMELLIA128-SHA256,
0xc072,ECDHE-ECDSA-CAMELLIA128-SHA256,TLS_ECDHE_ECDSA_WITH_CAMELLIA_128_CBC_SHA256
0x3e,DH-DSS-AES128-SHA256,TLS_DH_DSS_WITH_AES_128_CBC_SHA256
0xc064, ,TLS_PSK_WITH_ARIA_128_CBC_SHA256
0x30,DH-DSS-AES128-SHA,TLS_DH_DSS_WITH_AES_128_CBC_SHA
0xc062,ECDH-ARIA128-GCM-SHA256,TLS_ECDH_RSA_WITH_ARIA_128_GCM_SHA256
0xc076,ECDHE-RSA-CAMELLIA128-SHA256,
0xc076,ECDHE-RSA-CAMELLIA128-SHA256,TLS_ECDHE_RSA_WITH_CAMELLIA_128_CBC_SHA256
0x44,DHE-DSS-CAMELLIA128-SHA,
0x44,DHE-DSS-CAMELLIA128-SHA,TLS_DHE_DSS_WITH_CAMELLIA_128_CBC_SHA
0xbe,DHE-RSA-CAMELLIA128-SHA256,
0xbe,DHE-RSA-CAMELLIA128-SHA256,TLS_DHE_RSA_WITH_CAMELLIA_128_CBC_SHA256
0xbd,DHE-DSS-CAMELLIA128-SHA256,
0xbd,DHE-DSS-CAMELLIA128-SHA256,TLS_DHE_DSS_WITH_CAMELLIA_128_CBC_SHA256
0xbc,DH-RSA-CAMELLIA128-SHA256,TLS_DH_RSA_WITH_CAMELLIA_128_CBC_SHA256
0xff87,GOST2012256-NULL-STREEBOG256, 
0xbb,DH-DSS-CAMELLIA128-SHA256,TLS_DH_DSS_WITH_CAMELLIA_128_CBC_SHA256
0x9a,DHE-RSA-SEED-SHA,
0x9a,DHE-RSA-SEED-SHA,TLS_DHE_RSA_WITH_SEED_CBC_SHA
0x99,DHE-DSS-SEED-SHA,
0x99,DHE-DSS-SEED-SHA,TLS_DHE_DSS_WITH_SEED_CBC_SHA
0x98,DH-RSA-SEED-SHA,TLS_DH_RSA_WITH_SEED_CBC_SHA
0x42,DH-DSS-CAMELLIA128-SHA,TLS_DH_DSS_WITH_CAMELLIA_128_CBC_SHA
0xc074,ECDH-ECDSA-CAMELLIA128-SHA256,TLS_ECDH_ECDSA_WITH_CAMELLIA_128_CBC_SHA256
0xc018,AECDH-AES128-SHA,
0xc018,AECDH-AES128-SHA,TLS_ECDH_anon_WITH_AES_128_CBC_SHA
0xa6,ADH-AES128-GCM-SHA256,
0xa6,ADH-AES128-GCM-SHA256,TLS_DH_anon_WITH_AES_128_GCM_SHA256
0xff00,GOST-MD5,TLS_GOSTR341094_RSA_WITH_28147_CNT_MD5
0x34,ADH-AES128-SHA,
0x34,ADH-AES128-SHA,TLS_DH_anon_WITH_AES_128_CBC_SHA
0xc066, ,TLS_DHE_PSK_WITH_ARIA_128_CBC_SHA256
0xbf,ADH-CAMELLIA128-SHA256,
0xbf,ADH-CAMELLIA128-SHA256,TLS_DH_anon_WITH_CAMELLIA_128_CBC_SHA256
0x9b,ADH-SEED-SHA,
0x9b,ADH-SEED-SHA,TLS_DH_anon_WITH_SEED_CBC_SHA
0x46,ADH-CAMELLIA128-SHA,
0x46,ADH-CAMELLIA128-SHA,TLS_DH_anon_WITH_CAMELLIA_128_CBC_SHA
0xc078,ECDH-RSA-CAMELLIA128-SHA256,TLS_ECDH_RSA_WITH_CAMELLIA_128_CBC_SHA256
0xc031,ECDH-RSA-AES128-GCM-SHA256,TLS_ECDH_RSA_WITH_AES_128_GCM_SHA256
0xc029,ECDH-RSA-AES128-SHA256,TLS_ECDH_RSA_WITH_AES_128_CBC_SHA256
0xc025,ECDH-ECDSA-AES128-SHA256,TLS_ECDH_ECDSA_WITH_AES_128_CBC_SHA256
0xc00e,ECDH-RSA-AES128-SHA,TLS_ECDH_RSA_WITH_AES_128_CBC_SHA
0xc004,ECDH-ECDSA-AES128-SHA,TLS_ECDH_ECDSA_WITH_AES_128_CBC_SHA
0x9c,AES128-GCM-SHA256,
0x9c,AES128-GCM-SHA256,TLS_RSA_WITH_AES_128_GCM_SHA256
0x3c,AES128-SHA256,
0x3c,AES128-SHA256,TLS_RSA_WITH_AES_128_CBC_SHA256
0xc06e,RSA-PSK-ARIA128-GCM-SHA256,
0xc06e,RSA-PSK-ARIA128-GCM-SHA256,TLS_RSA_PSK_WITH_ARIA_128_GCM_SHA256
0xba,CAMELLIA128-SHA256,
0xba,CAMELLIA128-SHA256,TLS_RSA_WITH_CAMELLIA_128_CBC_SHA256
0xc037,ECDHE-PSK-AES128-CBC-SHA256,
0xc037,ECDHE-PSK-AES128-CBC-SHA256,TLS_ECDHE_PSK_WITH_AES_128_CBC_SHA256
0x5,RC4-SHA,
0x5,RC4-SHA,TLS_RSA_WITH_RC4_128_SHA
0x5,RC4-SHA,TLS_RSA_WITH_RC4_128_SHA
0xc035,ECDHE-PSK-AES128-CBC-SHA,
0xc035,ECDHE-PSK-AES128-CBC-SHA,TLS_ECDHE_PSK_WITH_AES_128_CBC_SHA
0xb6,RSA-PSK-AES128-CBC-SHA256,
0xb6,RSA-PSK-AES128-CBC-SHA256,TLS_RSA_PSK_WITH_AES_128_CBC_SHA256
0xb2,DHE-PSK-AES128-CBC-SHA256,
0xb2,DHE-PSK-AES128-CBC-SHA256,TLS_DHE_PSK_WITH_AES_128_CBC_SHA256
0x16b8, ,TLS_CECPQ1_ECDSA_WITH_CHACHA20_POLY1305_SHA256
0x90,DHE-PSK-AES128-CBC-SHA,
0x90,DHE-PSK-AES128-CBC-SHA,TLS_DHE_PSK_WITH_AES_128_CBC_SHA
0xc098,RSA-PSK-CAMELLIA128-SHA256,
0xc098,RSA-PSK-CAMELLIA128-SHA256,TLS_RSA_PSK_WITH_CAMELLIA_128_CBC_SHA256
0x66,DHE-DSS-RC4-SHA,TLS_DHE_DSS_WITH_RC4_128_SHA
0xc096,DHE-PSK-CAMELLIA128-SHA256,
0xc096,DHE-PSK-CAMELLIA128-SHA256,TLS_DHE_PSK_WITH_CAMELLIA_128_CBC_SHA256
0x64,EXP1024-RC4-SHA,TLS_RSA_EXPORT1024_WITH_RC4_56_SHA
0x64,EXP1024-RC4-SHA,TLS_RSA_EXPORT1024_WITH_RC4_56_SHA
0xae,PSK-AES128-CBC-SHA256,
0xae,PSK-AES128-CBC-SHA256,TLS_PSK_WITH_AES_128_CBC_SHA256
0xc094,PSK-CAMELLIA128-SHA256,
0xc094,PSK-CAMELLIA128-SHA256,TLS_PSK_WITH_CAMELLIA_128_CBC_SHA256
0x62,EXP1024-DES-CBC-SHA,TLS_RSA_EXPORT1024_WITH_DES_CBC_SHA
0x62,EXP1024-DES-CBC-SHA,TLS_RSA_EXPORT1024_WITH_DES_CBC_SHA
0x7,IDEA-CBC-SHA,
0x7,IDEA-CBC-SHA,TLS_RSA_WITH_IDEA_CBC_SHA
0x7,IDEA-CBC-SHA,TLS_RSA_WITH_IDEA_CBC_SHA
0xc013,ECDHE-RSA-AES128-SHA,
0xc013,ECDHE-RSA-AES128-SHA,TLS_ECDHE_RSA_WITH_AES_128_CBC_SHA
0x50080,IDEA-CBC-MD5,SSL_IDEA_128_CBC_WITH_MD5
0x50080,IDEA-CBC-MD5,SSL_IDEA_128_CBC_WITH_MD5
0xc070, ,TLS_ECDHE_PSK_WITH_ARIA_128_CBC_SHA256
0x30080,RC2-CBC-MD5,SSL_RC2_128_CBC_WITH_MD5
0x8c,PSK-AES128-CBC-SHA,
0x8c,PSK-AES128-CBC-SHA,TLS_PSK_WITH_AES_128_CBC_SHA
0xc03e, ,TLS_DH_DSS_WITH_ARIA_128_CBC_SHA256
0xc,DH-DSS-DES-CBC-SHA,TLS_DH_DSS_WITH_DES_CBC_SHA
0xc,DH-DSS-DES-CBC-SHA,TLS_DH_DSS_WITH_DES_CBC_SHA
0xc040, ,TLS_DH_RSA_WITH_ARIA_128_CBC_SHA256
0xc042,DHE-DSS-ARIA128-CBC-SHA256,TLS_DHE_DSS_WITH_ARIA_128_CBC_SHA256
0x10,DH-RSA-DES-CBC3-SHA,TLS_DH_RSA_WITH_3DES_EDE_CBC_SHA
0xc044,DHE-RSA-ARIA128-CBC-SHA256,TLS_DHE_RSA_WITH_ARIA_128_CBC_SHA256
0x12,EDH-DSS-DES-CBC-SHA,TLS_DHE_DSS_WITH_DES_CBC_SHA
0xc046,DH-anon-ARIA128-CBC-SHA256,TLS_DH_anon_WITH_ARIA_128_CBC_SHA256
0x14,EXP-EDH-RSA-DES-CBC-SHA,TLS_DHE_RSA_EXPORT_WITH_DES40_CBC_SHA
0xc048,ECDHE-ECDSA-ARIA128-CBC-SHA256,TLS_ECDHE_ECDSA_WITH_ARIA_128_CBC_SHA256
0x16,DHE-RSA-DES-CBC3-SHA,
0x16,DHE-RSA-DES-CBC3-SHA,TLS_DHE_RSA_WITH_3DES_EDE_CBC_SHA
0x16,EDH-RSA-DES-CBC3-SHA,TLS_DHE_RSA_WITH_3DES_EDE_CBC_SHA
0xc04a, ,TLS_ECDH_ECDSA_WITH_ARIA_128_CBC_SHA256
0x18,ADH-RC4-MD5,
0x18,ADH-RC4-MD5,TLS_DH_anon_WITH_RC4_128_MD5
0xc04c,ECDHE-RSA-ARIA128-CBC-SHA256,TLS_ECDHE_RSA_WITH_ARIA_128_CBC_SHA256
0x1a,ADH-DES-CBC-SHA,TLS_DH_anon_WITH_DES_CBC_SHA
0xc04e, ,TLS_ECDH_RSA_WITH_ARIA_128_CBC_SHA256
0xc050,ARIA128-GCM-SHA256,
0xc050,ARIA128-GCM-SHA256,TLS_RSA_WITH_ARIA_128_GCM_SHA256
0x1e,KRB5-DES-CBC-SHA,TLS_KRB5_WITH_DES_CBC_SHA
0xc052,DHE-RSA-ARIA128-GCM-SHA256,
0xc052,DHE-RSA-ARIA128-GCM-SHA256,TLS_DHE_RSA_WITH_ARIA_128_GCM_SHA256
0x20,KRB5-RC4-SHA,TLS_KRB5_WITH_RC4_128_SHA
0xc054,DH-RSA-ARIA128-GCM-SHA256,TLS_DH_RSA_WITH_ARIA_128_GCM_SHA256
0x22,KRB5-DES-CBC-MD5,TLS_KRB5_WITH_DES_CBC_MD5
0xc056,DHE-DSS-ARIA128-GCM-SHA256,
0xc056,DHE-DSS-ARIA128-GCM-SHA256,TLS_DHE_DSS_WITH_ARIA_128_GCM_SHA256
0x24,KRB5-RC4-MD5,TLS_KRB5_WITH_RC4_128_MD5
0xc058,DH-DSS-ARIA128-GCM-SHA256,TLS_DH_DSS_WITH_ARIA_128_GCM_SHA256
0x26,EXP-KRB5-DES-CBC-SHA,TLS_KRB5_EXPORT_WITH_DES_CBC_40_SHA
0xc05a,ADH-ARIA128-GCM-SHA256,TLS_DH_anon_WITH_ARIA_128_GCM_SHA256
0xc05c,ECDHE-ECDSA-ARIA128-GCM-SHA256,
0xc05c,ECDHE-ECDSA-ARIA128-GCM-SHA256,TLS_ECDHE_ECDSA_WITH_ARIA_128_GCM_SHA256
0x2a,EXP-KRB5-RC2-CBC-MD5,TLS_KRB5_EXPORT_WITH_RC2_CBC_40_MD5
0xc05e,ECDH-ECDSA-ARIA128-GCM-SHA256,TLS_ECDH_ECDSA_WITH_ARIA_128_GCM_SHA256
0x80080,RC4-64-MD5,SSL_RC4_128_WITH_MD5
0x80080,RC4-64-MD5,SSL_RC4_64_WITH_MD5
0xc060,ECDHE-ARIA128-GCM-SHA256,
0xc060,ECDHE-ARIA128-GCM-SHA256,TLS_ECDHE_RSA_WITH_ARIA_128_GCM_SHA256
0xc07a, ,TLS_RSA_WITH_CAMELLIA_128_GCM_SHA256
0xc07c, ,TLS_DHE_RSA_WITH_CAMELLIA_128_GCM_SHA256
0xc07e, ,TLS_DH_RSA_WITH_CAMELLIA_128_GCM_SHA256
0xc080, ,TLS_DHE_DSS_WITH_CAMELLIA_128_GCM_SHA256
0xc082, ,TLS_DH_DSS_WITH_CAMELLIA_128_GCM_SHA256
0xc084, ,TLS_DH_anon_WITH_CAMELLIA_128_GCM_SHA256
0xc086, ,TLS_ECDHE_ECDSA_WITH_CAMELLIA_128_GCM_SHA256
0xc08c, ,TLS_ECDH_RSA_WITH_CAMELLIA_128_GCM_SHA256
0xc08e, ,TLS_PSK_WITH_CAMELLIA_128_GCM_SHA256
0xc090, ,TLS_DHE_PSK_WITH_CAMELLIA_128_GCM_SHA256
0xc092, ,TLS_RSA_PSK_WITH_CAMELLIA_128_GCM_SHA256
0x60,EXP1024-RC4-MD5,TLS_RSA_EXPORT1024_WITH_RC4_56_MD5
0x60,EXP1024-RC4-MD5,TLS_RSA_EXPORT1024_WITH_RC4_56_MD5
0xc011,ECDHE-RSA-RC4-SHA,
0xc011,ECDHE-RSA-RC4-SHA,TLS_ECDHE_RSA_WITH_RC4_128_SHA
0xc007,ECDHE-ECDSA-RC4-SHA,
0xc007,ECDHE-ECDSA-RC4-SHA,TLS_ECDHE_ECDSA_WITH_RC4_128_SHA
0xc016,AECDH-RC4-SHA,
0xc016,AECDH-RC4-SHA,TLS_ECDH_anon_WITH_RC4_128_SHA
0xc00c,ECDH-RSA-RC4-SHA,TLS_ECDH_RSA_WITH_RC4_128_SHA
0xc002,ECDH-ECDSA-RC4-SHA,TLS_ECDH_ECDSA_WITH_RC4_128_SHA
0x10080,RC4-MD5,SSL_RC4_128_WITH_MD5
0x16ba, ,TLS_CECPQ1_ECDSA_WITH_AES_256_GCM_SHA384
0x92,RSA-PSK-RC4-SHA,
0x92,RSA-PSK-RC4-SHA,TLS_RSA_PSK_WITH_RC4_128_SHA
0x8a,PSK-RC4-SHA,
0x8a,PSK-RC4-SHA,TLS_PSK_WITH_RC4_128_SHA
0xc033,ECDHE-PSK-RC4-SHA,
0xc033,ECDHE-PSK-RC4-SHA,TLS_ECDHE_PSK_WITH_RC4_128_SHA
0x60040,DES-CBC-MD5,SSL_DES_64_CBC_WITH_MD5
0x60040,DES-CBC-MD5,SSL_DES_64_CBC_WITH_MD5
0x8e,DHE-PSK-RC4-SHA,
0x8e,DHE-PSK-RC4-SHA,TLS_DHE_PSK_WITH_RC4_128_SHA
0xc012,ECDHE-RSA-DES-CBC3-SHA,
0xc012,ECDHE-RSA-DES-CBC3-SHA,TLS_ECDHE_RSA_WITH_3DES_EDE_CBC_SHA
0xc008,ECDHE-ECDSA-DES-CBC3-SHA,
0xc008,ECDHE-ECDSA-DES-CBC3-SHA,TLS_ECDHE_ECDSA_WITH_3DES_EDE_CBC_SHA
0xc01c,SRP-DSS-3DES-EDE-CBC-SHA,
0xc01c,SRP-DSS-3DES-EDE-CBC-SHA,TLS_SRP_SHA_DSS_WITH_3DES_EDE_CBC_SHA
0xc01b,SRP-RSA-3DES-EDE-CBC-SHA,
0xc01b,SRP-RSA-3DES-EDE-CBC-SHA,TLS_SRP_SHA_RSA_WITH_3DES_EDE_CBC_SHA
0xc01a,SRP-3DES-EDE-CBC-SHA,
0xc01a,SRP-3DES-EDE-CBC-SHA,TLS_SRP_SHA_WITH_3DES_EDE_CBC_SHA
0xc017,AECDH-DES-CBC3-SHA,
0xc017,AECDH-DES-CBC3-SHA,TLS_ECDH_anon_WITH_3DES_EDE_CBC_SHA
0xc00d,ECDH-RSA-DES-CBC3-SHA,TLS_ECDH_RSA_WITH_3DES_EDE_CBC_SHA
0xc003,ECDH-ECDSA-DES-CBC3-SHA,TLS_ECDH_ECDSA_WITH_3DES_EDE_CBC_SHA
0x700c0,DES-CBC3-MD5,SSL_DES_192_EDE3_CBC_WITH_MD5
0x700c0,DES-CBC3-MD5,SSL_DES_192_EDE3_CBC_WITH_MD5
0x701c0,DES-CBC3-SHA,SSL_DES_192_EDE3_CBC_WITH_SHA
0x8b,PSK-3DES-EDE-CBC-SHA,
0x8b,PSK-3DES-EDE-CBC-SHA,TLS_PSK_WITH_3DES_EDE_CBC_SHA
0xc034,ECDHE-PSK-3DES-EDE-CBC-SHA,
0xc034,ECDHE-PSK-3DES-EDE-CBC-SHA,TLS_ECDHE_PSK_WITH_3DES_EDE_CBC_SHA
0x16b7, ,TLS_CECPQ1_RSA_WITH_CHACHA20_POLY1305_SHA256
0x8f,DHE-PSK-3DES-EDE-CBC-SHA,
0x8f,DHE-PSK-3DES-EDE-CBC-SHA,TLS_DHE_PSK_WITH_3DES_EDE_CBC_SHA
0x33,DHE-RSA-AES128-SHA,
0x33,DHE-RSA-AES128-SHA,TLS_DHE_RSA_WITH_AES_128_CBC_SHA
0xfeff,SSL_RSA_FIPS_WITH_3DES_EDE_CBC_SHA,
0xfeff, ,SSL_RSA_FIPS_WITH_3DES_EDE_CBC_SHA
0xc02d,ECDH-ECDSA-AES128-GCM-SHA256,TLS_ECDH_ECDSA_WITH_AES_128_GCM_SHA256
0xffe0, ,SSL_RSA_FIPS_WITH_3DES_EDE_CBC_SHA
0xff8000,DES-CFB-M1,SSL_DES_64_CFB64_WITH_MD5_1
0x29,EXP-KRB5-DES-CBC-MD5,TLS_KRB5_EXPORT_WITH_DES_CBC_40_MD5
0x60140,DES-CBC-SHA,SSL_DES_64_CBC_WITH_SHA
0x32,DHE-DSS-AES128-SHA,
0x32,DHE-DSS-AES128-SHA,TLS_DHE_DSS_WITH_AES_128_CBC_SHA
0xfefe,SSL_RSA_FIPS_WITH_DES_CBC_SHA,
0xfefe, ,SSL_RSA_FIPS_WITH_DES_CBC_SHA
0xc02e,ECDH-ECDSA-AES256-GCM-SHA384,TLS_ECDH_ECDSA_WITH_AES_256_GCM_SHA384
0xffe1, ,SSL_RSA_FIPS_WITH_DES_CBC_SHA
